﻿<Objs Version="1.1.0.1" xmlns="http://schemas.microsoft.com/powershell/2004/04">
  <Obj RefId="0">
    <TN RefId="0">
      <T>System.Management.Automation.PSCustomObject</T>
      <T>System.Object</T>
    </TN>
    <MS>
      <S N="MailNickName">hassing</S>
      <S N="PostalCode">4153 BX</S>
      <S N="Surname">Mateman</S>
      <S N="City">Beesd</S>
      <B N="AccountEnabled">true</B>
      <S N="UserPrincipalName">hassing@irwinstrachangmail.onmicrosoft.com</S>
      <S N="GivenName">Tiede</S>
      <Obj N="PasswordProfile" RefId="1">
        <TN RefId="1">
          <T>Microsoft.Open.AzureAD.Model.PasswordProfile</T>
          <T>System.Object</T>
        </TN>
        <ToString>class PasswordProfile {_x000A_  Password: Yul3pah6ue_x000A_  ForceChangePasswordNextLogin: True_x000A_  EnforceChangePasswordPolicy: True_x000A_}_x000A_</ToString>
        <Props>
          <S N="Password">Yul3pah6ue</S>
          <B N="ForceChangePasswordNextLogin">true</B>
          <B N="EnforceChangePasswordPolicy">true</B>
        </Props>
      </Obj>
      <S N="StreetAddress">Koningin Julianastraat 17</S>
      <S N="Country">NL</S>
      <S N="DisplayName">Tiede Mateman</S>
    </MS>
  </Obj>
  <Obj RefId="2">
    <TNRef RefId="0" />
    <MS>
      <S N="MailNickName">snest1997</S>
      <S N="PostalCode">2802 AN</S>
      <S N="Surname">Rullens</S>
      <S N="City">Gouda</S>
      <B N="AccountEnabled">true</B>
      <S N="UserPrincipalName">snest1997@irwinstrachangmail.onmicrosoft.com</S>
      <S N="GivenName">Yenthe</S>
      <Obj N="PasswordProfile" RefId="3">
        <TNRef RefId="1" />
        <ToString>class PasswordProfile {_x000A_  Password: Toujoo9mohw_x000A_  ForceChangePasswordNextLogin: True_x000A_  EnforceChangePasswordPolicy: True_x000A_}_x000A_</ToString>
        <Props>
          <S N="Password">Toujoo9mohw</S>
          <B N="ForceChangePasswordNextLogin">true</B>
          <B N="EnforceChangePasswordPolicy">true</B>
        </Props>
      </Obj>
      <S N="StreetAddress">Nieuwe Gouwe Westzijde 57</S>
      <S N="Country">NL</S>
      <S N="DisplayName">Yenthe Rullens</S>
    </MS>
  </Obj>
  <Obj RefId="4">
    <TNRef RefId="0" />
    <MS>
      <S N="MailNickName">stioser</S>
      <S N="PostalCode">1053 AN</S>
      <S N="Surname">Honsbeek</S>
      <S N="City">Amsterdam</S>
      <B N="AccountEnabled">true</B>
      <S N="UserPrincipalName">stioser@irwinstrachangmail.onmicrosoft.com</S>
      <S N="GivenName">Naïm</S>
      <Obj N="PasswordProfile" RefId="5">
        <TNRef RefId="1" />
        <ToString>class PasswordProfile {_x000A_  Password: uQuiakie1ah_x000A_  ForceChangePasswordNextLogin: True_x000A_  EnforceChangePasswordPolicy: True_x000A_}_x000A_</ToString>
        <Props>
          <S N="Password">uQuiakie1ah</S>
          <B N="ForceChangePasswordNextLogin">true</B>
          <B N="EnforceChangePasswordPolicy">true</B>
        </Props>
      </Obj>
      <S N="StreetAddress">Agatha Dekenstraat 35</S>
      <S N="Country">NL</S>
      <S N="DisplayName">Naïm Honsbeek</S>
    </MS>
  </Obj>
  <Obj RefId="6">
    <TNRef RefId="0" />
    <MS>
      <S N="MailNickName">deepiefface</S>
      <S N="PostalCode">5374 DB</S>
      <S N="Surname">Meekel</S>
      <S N="City">Schaijk</S>
      <B N="AccountEnabled">true</B>
      <S N="UserPrincipalName">deepiefface@irwinstrachangmail.onmicrosoft.com</S>
      <S N="GivenName">Bruna</S>
      <Obj N="PasswordProfile" RefId="7">
        <TNRef RefId="1" />
        <ToString>class PasswordProfile {_x000A_  Password: Eivait2Ah_x000A_  ForceChangePasswordNextLogin: True_x000A_  EnforceChangePasswordPolicy: True_x000A_}_x000A_</ToString>
        <Props>
          <S N="Password">Eivait2Ah</S>
          <B N="ForceChangePasswordNextLogin">true</B>
          <B N="EnforceChangePasswordPolicy">true</B>
        </Props>
      </Obj>
      <S N="StreetAddress">Akkerwinde 142</S>
      <S N="Country">NL</S>
      <S N="DisplayName">Bruna Meekel</S>
    </MS>
  </Obj>
  <Obj RefId="8">
    <TNRef RefId="0" />
    <MS>
      <S N="MailNickName">fectilourn</S>
      <S N="PostalCode">6411 KM</S>
      <S N="Surname">Barentsen</S>
      <S N="City">Heerlen</S>
      <B N="AccountEnabled">true</B>
      <S N="UserPrincipalName">fectilourn@irwinstrachangmail.onmicrosoft.com</S>
      <S N="GivenName">Rony</S>
      <Obj N="PasswordProfile" RefId="9">
        <TNRef RefId="1" />
        <ToString>class PasswordProfile {_x000A_  Password: Ee9ahza1y_x000A_  ForceChangePasswordNextLogin: True_x000A_  EnforceChangePasswordPolicy: True_x000A_}_x000A_</ToString>
        <Props>
          <S N="Password">Ee9ahza1y</S>
          <B N="ForceChangePasswordNextLogin">true</B>
          <B N="EnforceChangePasswordPolicy">true</B>
        </Props>
      </Obj>
      <S N="StreetAddress">Broeder Aloysiusstraat 43</S>
      <S N="Country">NL</S>
      <S N="DisplayName">Rony Barentsen</S>
    </MS>
  </Obj>
  <Obj RefId="10">
    <TNRef RefId="0" />
    <MS>
      <S N="MailNickName">forn1959</S>
      <S N="PostalCode">2957 JE</S>
      <S N="Surname">Mook</S>
      <S N="City">Nieuw-Lekkerland</S>
      <B N="AccountEnabled">true</B>
      <S N="UserPrincipalName">forn1959@irwinstrachangmail.onmicrosoft.com</S>
      <S N="GivenName">Abderrahmane</S>
      <Obj N="PasswordProfile" RefId="11">
        <TNRef RefId="1" />
        <ToString>class PasswordProfile {_x000A_  Password: aengohC6oh_x000A_  ForceChangePasswordNextLogin: True_x000A_  EnforceChangePasswordPolicy: True_x000A_}_x000A_</ToString>
        <Props>
          <S N="Password">aengohC6oh</S>
          <B N="ForceChangePasswordNextLogin">true</B>
          <B N="EnforceChangePasswordPolicy">true</B>
        </Props>
      </Obj>
      <S N="StreetAddress">Wipmolen 15</S>
      <S N="Country">NL</S>
      <S N="DisplayName">Abderrahmane Mook</S>
    </MS>
  </Obj>
  <Obj RefId="12">
    <TNRef RefId="0" />
    <MS>
      <S N="MailNickName">fackither</S>
      <S N="PostalCode">2182 ZS</S>
      <S N="Surname">de Swart</S>
      <S N="City">Hillegom</S>
      <B N="AccountEnabled">true</B>
      <S N="UserPrincipalName">fackither@irwinstrachangmail.onmicrosoft.com</S>
      <S N="GivenName">Lindy</S>
      <Obj N="PasswordProfile" RefId="13">
        <TNRef RefId="1" />
        <ToString>class PasswordProfile {_x000A_  Password: Jeedoh0Die_x000A_  ForceChangePasswordNextLogin: True_x000A_  EnforceChangePasswordPolicy: True_x000A_}_x000A_</ToString>
        <Props>
          <S N="Password">Jeedoh0Die</S>
          <B N="ForceChangePasswordNextLogin">true</B>
          <B N="EnforceChangePasswordPolicy">true</B>
        </Props>
      </Obj>
      <S N="StreetAddress">Willem Elsschotsingel 192</S>
      <S N="Country">NL</S>
      <S N="DisplayName">Lindy de Swart</S>
    </MS>
  </Obj>
  <Obj RefId="14">
    <TNRef RefId="0" />
    <MS>
      <S N="MailNickName">surriess</S>
      <S N="PostalCode">6521 ES</S>
      <S N="Surname">van der List</S>
      <S N="City">Nijmegen</S>
      <B N="AccountEnabled">true</B>
      <S N="UserPrincipalName">surriess@irwinstrachangmail.onmicrosoft.com</S>
      <S N="GivenName">Fatna</S>
      <Obj N="PasswordProfile" RefId="15">
        <TNRef RefId="1" />
        <ToString>class PasswordProfile {_x000A_  Password: oof5lohxieG_x000A_  ForceChangePasswordNextLogin: True_x000A_  EnforceChangePasswordPolicy: True_x000A_}_x000A_</ToString>
        <Props>
          <S N="Password">oof5lohxieG</S>
          <B N="ForceChangePasswordNextLogin">true</B>
          <B N="EnforceChangePasswordPolicy">true</B>
        </Props>
      </Obj>
      <S N="StreetAddress">Koolemans Beynenstraat 147</S>
      <S N="Country">NL</S>
      <S N="DisplayName">Fatna van der List</S>
    </MS>
  </Obj>
  <Obj RefId="16">
    <TNRef RefId="0" />
    <MS>
      <S N="MailNickName">hatearne</S>
      <S N="PostalCode">7642 VA</S>
      <S N="Surname">van der Geest</S>
      <S N="City">Wierden</S>
      <B N="AccountEnabled">true</B>
      <S N="UserPrincipalName">hatearne@irwinstrachangmail.onmicrosoft.com</S>
      <S N="GivenName">Steyn</S>
      <Obj N="PasswordProfile" RefId="17">
        <TNRef RefId="1" />
        <ToString>class PasswordProfile {_x000A_  Password: tieZo7Ai_x000A_  ForceChangePasswordNextLogin: True_x000A_  EnforceChangePasswordPolicy: True_x000A_}_x000A_</ToString>
        <Props>
          <S N="Password">tieZo7Ai</S>
          <B N="ForceChangePasswordNextLogin">true</B>
          <B N="EnforceChangePasswordPolicy">true</B>
        </Props>
      </Obj>
      <S N="StreetAddress">Larixlaan 152</S>
      <S N="Country">NL</S>
      <S N="DisplayName">Steyn van der Geest</S>
    </MS>
  </Obj>
  <Obj RefId="18">
    <TNRef RefId="0" />
    <MS>
      <S N="MailNickName">tromis</S>
      <S N="PostalCode">3911 SJ</S>
      <S N="Surname">Coppoolse</S>
      <S N="City">Rhenen</S>
      <B N="AccountEnabled">true</B>
      <S N="UserPrincipalName">tromis@irwinstrachangmail.onmicrosoft.com</S>
      <S N="GivenName">April</S>
      <Obj N="PasswordProfile" RefId="19">
        <TNRef RefId="1" />
        <ToString>class PasswordProfile {_x000A_  Password: jeiJ4eeTh_x000A_  ForceChangePasswordNextLogin: True_x000A_  EnforceChangePasswordPolicy: True_x000A_}_x000A_</ToString>
        <Props>
          <S N="Password">jeiJ4eeTh</S>
          <B N="ForceChangePasswordNextLogin">true</B>
          <B N="EnforceChangePasswordPolicy">true</B>
        </Props>
      </Obj>
      <S N="StreetAddress">Ruiterpad 161</S>
      <S N="Country">NL</S>
      <S N="DisplayName">April Coppoolse</S>
    </MS>
  </Obj>
  <Obj RefId="20">
    <TNRef RefId="0" />
    <MS>
      <S N="MailNickName">defe1974</S>
      <S N="PostalCode">6815 BX</S>
      <S N="Surname">van Groeningen</S>
      <S N="City">Arnhem</S>
      <B N="AccountEnabled">true</B>
      <S N="UserPrincipalName">defe1974@irwinstrachangmail.onmicrosoft.com</S>
      <S N="GivenName">Verena</S>
      <Obj N="PasswordProfile" RefId="21">
        <TNRef RefId="1" />
        <ToString>class PasswordProfile {_x000A_  Password: tioY7ail9_x000A_  ForceChangePasswordNextLogin: True_x000A_  EnforceChangePasswordPolicy: True_x000A_}_x000A_</ToString>
        <Props>
          <S N="Password">tioY7ail9</S>
          <B N="ForceChangePasswordNextLogin">true</B>
          <B N="EnforceChangePasswordPolicy">true</B>
        </Props>
      </Obj>
      <S N="StreetAddress">Meijrooslaan 172</S>
      <S N="Country">NL</S>
      <S N="DisplayName">Verena van Groeningen</S>
    </MS>
  </Obj>
  <Obj RefId="22">
    <TNRef RefId="0" />
    <MS>
      <S N="MailNickName">bety1980</S>
      <S N="PostalCode">3904 XJ</S>
      <S N="Surname">Mangelaars</S>
      <S N="City">Veenendaal</S>
      <B N="AccountEnabled">true</B>
      <S N="UserPrincipalName">bety1980@irwinstrachangmail.onmicrosoft.com</S>
      <S N="GivenName">Ankje</S>
      <Obj N="PasswordProfile" RefId="23">
        <TNRef RefId="1" />
        <ToString>class PasswordProfile {_x000A_  Password: The4iepeeng_x000A_  ForceChangePasswordNextLogin: True_x000A_  EnforceChangePasswordPolicy: True_x000A_}_x000A_</ToString>
        <Props>
          <S N="Password">The4iepeeng</S>
          <B N="ForceChangePasswordNextLogin">true</B>
          <B N="EnforceChangePasswordPolicy">true</B>
        </Props>
      </Obj>
      <S N="StreetAddress">Frans Halslaan 45</S>
      <S N="Country">NL</S>
      <S N="DisplayName">Ankje Mangelaars</S>
    </MS>
  </Obj>
  <Obj RefId="24">
    <TNRef RefId="0" />
    <MS>
      <S N="MailNickName">withander</S>
      <S N="PostalCode">2985 SV</S>
      <S N="Surname">Sanchez</S>
      <S N="City">Ridderkerk</S>
      <B N="AccountEnabled">true</B>
      <S N="UserPrincipalName">withander@irwinstrachangmail.onmicrosoft.com</S>
      <S N="GivenName">Danté</S>
      <Obj N="PasswordProfile" RefId="25">
        <TNRef RefId="1" />
        <ToString>class PasswordProfile {_x000A_  Password: ahYoe4uciCh_x000A_  ForceChangePasswordNextLogin: True_x000A_  EnforceChangePasswordPolicy: True_x000A_}_x000A_</ToString>
        <Props>
          <S N="Password">ahYoe4uciCh</S>
          <B N="ForceChangePasswordNextLogin">true</B>
          <B N="EnforceChangePasswordPolicy">true</B>
        </Props>
      </Obj>
      <S N="StreetAddress">Kloosplantsoen 65</S>
      <S N="Country">NL</S>
      <S N="DisplayName">Danté Sanchez</S>
    </MS>
  </Obj>
  <Obj RefId="26">
    <TNRef RefId="0" />
    <MS>
      <S N="MailNickName">cole1989</S>
      <S N="PostalCode">4561 XG</S>
      <S N="Surname">Thelen</S>
      <S N="City">Hulst</S>
      <B N="AccountEnabled">true</B>
      <S N="UserPrincipalName">cole1989@irwinstrachangmail.onmicrosoft.com</S>
      <S N="GivenName">Lidy</S>
      <Obj N="PasswordProfile" RefId="27">
        <TNRef RefId="1" />
        <ToString>class PasswordProfile {_x000A_  Password: eM3quiefa5r_x000A_  ForceChangePasswordNextLogin: True_x000A_  EnforceChangePasswordPolicy: True_x000A_}_x000A_</ToString>
        <Props>
          <S N="Password">eM3quiefa5r</S>
          <B N="ForceChangePasswordNextLogin">true</B>
          <B N="EnforceChangePasswordPolicy">true</B>
        </Props>
      </Obj>
      <S N="StreetAddress">Rooseveltweg 9</S>
      <S N="Country">NL</S>
      <S N="DisplayName">Lidy Thelen</S>
    </MS>
  </Obj>
  <Obj RefId="28">
    <TNRef RefId="0" />
    <MS>
      <S N="MailNickName">toondeat72</S>
      <S N="PostalCode">4051 CC</S>
      <S N="Surname">Boere</S>
      <S N="City">Ochten</S>
      <B N="AccountEnabled">true</B>
      <S N="UserPrincipalName">toondeat72@irwinstrachangmail.onmicrosoft.com</S>
      <S N="GivenName">Skylar</S>
      <Obj N="PasswordProfile" RefId="29">
        <TNRef RefId="1" />
        <ToString>class PasswordProfile {_x000A_  Password: Ohy5tei6aD_x000A_  ForceChangePasswordNextLogin: True_x000A_  EnforceChangePasswordPolicy: True_x000A_}_x000A_</ToString>
        <Props>
          <S N="Password">Ohy5tei6aD</S>
          <B N="ForceChangePasswordNextLogin">true</B>
          <B N="EnforceChangePasswordPolicy">true</B>
        </Props>
      </Obj>
      <S N="StreetAddress">Hoef 200</S>
      <S N="Country">NL</S>
      <S N="DisplayName">Skylar Boere</S>
    </MS>
  </Obj>
  <Obj RefId="30">
    <TNRef RefId="0" />
    <MS>
      <S N="MailNickName">lamity</S>
      <S N="PostalCode">8753 JB</S>
      <S N="Surname">Kerklaan</S>
      <S N="City">Cornwerd</S>
      <B N="AccountEnabled">true</B>
      <S N="UserPrincipalName">lamity@irwinstrachangmail.onmicrosoft.com</S>
      <S N="GivenName">Giordano</S>
      <Obj N="PasswordProfile" RefId="31">
        <TNRef RefId="1" />
        <ToString>class PasswordProfile {_x000A_  Password: oov1iPh7P_x000A_  ForceChangePasswordNextLogin: True_x000A_  EnforceChangePasswordPolicy: True_x000A_}_x000A_</ToString>
        <Props>
          <S N="Password">oov1iPh7P</S>
          <B N="ForceChangePasswordNextLogin">true</B>
          <B N="EnforceChangePasswordPolicy">true</B>
        </Props>
      </Obj>
      <S N="StreetAddress">Houwdijk 40</S>
      <S N="Country">NL</S>
      <S N="DisplayName">Giordano Kerklaan</S>
    </MS>
  </Obj>
  <Obj RefId="32">
    <TNRef RefId="0" />
    <MS>
      <S N="MailNickName">sharearries1952</S>
      <S N="PostalCode">8171 CR</S>
      <S N="Surname">Hoogendoorn</S>
      <S N="City">Vaassen</S>
      <B N="AccountEnabled">true</B>
      <S N="UserPrincipalName">sharearries1952@irwinstrachangmail.onmicrosoft.com</S>
      <S N="GivenName">Asya</S>
      <Obj N="PasswordProfile" RefId="33">
        <TNRef RefId="1" />
        <ToString>class PasswordProfile {_x000A_  Password: vie2Pez2Af1h_x000A_  ForceChangePasswordNextLogin: True_x000A_  EnforceChangePasswordPolicy: True_x000A_}_x000A_</ToString>
        <Props>
          <S N="Password">vie2Pez2Af1h</S>
          <B N="ForceChangePasswordNextLogin">true</B>
          <B N="EnforceChangePasswordPolicy">true</B>
        </Props>
      </Obj>
      <S N="StreetAddress">Torenstraat 44</S>
      <S N="Country">NL</S>
      <S N="DisplayName">Asya Hoogendoorn</S>
    </MS>
  </Obj>
  <Obj RefId="34">
    <TNRef RefId="0" />
    <MS>
      <S N="MailNickName">youripasted1955</S>
      <S N="PostalCode">9501 VS</S>
      <S N="Surname">Rijsbergen</S>
      <S N="City">Stadskanaal</S>
      <B N="AccountEnabled">true</B>
      <S N="UserPrincipalName">youripasted1955@irwinstrachangmail.onmicrosoft.com</S>
      <S N="GivenName">Tanju</S>
      <Obj N="PasswordProfile" RefId="35">
        <TNRef RefId="1" />
        <ToString>class PasswordProfile {_x000A_  Password: keithiPeeyo4_x000A_  ForceChangePasswordNextLogin: True_x000A_  EnforceChangePasswordPolicy: True_x000A_}_x000A_</ToString>
        <Props>
          <S N="Password">keithiPeeyo4</S>
          <B N="ForceChangePasswordNextLogin">true</B>
          <B N="EnforceChangePasswordPolicy">true</B>
        </Props>
      </Obj>
      <S N="StreetAddress">Oosterparallelstraat 133</S>
      <S N="Country">NL</S>
      <S N="DisplayName">Tanju Rijsbergen</S>
    </MS>
  </Obj>
  <Obj RefId="36">
    <TNRef RefId="0" />
    <MS>
      <S N="MailNickName">marce1990</S>
      <S N="PostalCode">6051 DX</S>
      <S N="Surname">Bouter</S>
      <S N="City">Maasbracht</S>
      <B N="AccountEnabled">true</B>
      <S N="UserPrincipalName">marce1990@irwinstrachangmail.onmicrosoft.com</S>
      <S N="GivenName">Djimmy</S>
      <Obj N="PasswordProfile" RefId="37">
        <TNRef RefId="1" />
        <ToString>class PasswordProfile {_x000A_  Password: tool3aic1O_x000A_  ForceChangePasswordNextLogin: True_x000A_  EnforceChangePasswordPolicy: True_x000A_}_x000A_</ToString>
        <Props>
          <S N="Password">tool3aic1O</S>
          <B N="ForceChangePasswordNextLogin">true</B>
          <B N="EnforceChangePasswordPolicy">true</B>
        </Props>
      </Obj>
      <S N="StreetAddress">S. Houbenweg 148</S>
      <S N="Country">NL</S>
      <S N="DisplayName">Djimmy Bouter</S>
    </MS>
  </Obj>
  <Obj RefId="38">
    <TNRef RefId="0" />
    <MS>
      <S N="MailNickName">hitle1992</S>
      <S N="PostalCode">1687 WH</S>
      <S N="Surname">Lentz</S>
      <S N="City">Wognum</S>
      <B N="AccountEnabled">true</B>
      <S N="UserPrincipalName">hitle1992@irwinstrachangmail.onmicrosoft.com</S>
      <S N="GivenName">Gilles</S>
      <Obj N="PasswordProfile" RefId="39">
        <TNRef RefId="1" />
        <ToString>class PasswordProfile {_x000A_  Password: maiFaiPh9e_x000A_  ForceChangePasswordNextLogin: True_x000A_  EnforceChangePasswordPolicy: True_x000A_}_x000A_</ToString>
        <Props>
          <S N="Password">maiFaiPh9e</S>
          <B N="ForceChangePasswordNextLogin">true</B>
          <B N="EnforceChangePasswordPolicy">true</B>
        </Props>
      </Obj>
      <S N="StreetAddress">Kamgras 145</S>
      <S N="Country">NL</S>
      <S N="DisplayName">Gilles Lentz</S>
    </MS>
  </Obj>
  <Obj RefId="40">
    <TNRef RefId="0" />
    <MS>
      <S N="MailNickName">hato1976</S>
      <S N="PostalCode">5854 BN</S>
      <S N="Surname">Cornelisse</S>
      <S N="City">Bergen</S>
      <B N="AccountEnabled">true</B>
      <S N="UserPrincipalName">hato1976@irwinstrachangmail.onmicrosoft.com</S>
      <S N="GivenName">Naómi</S>
      <Obj N="PasswordProfile" RefId="41">
        <TNRef RefId="1" />
        <ToString>class PasswordProfile {_x000A_  Password: vai1ohneM_x000A_  ForceChangePasswordNextLogin: True_x000A_  EnforceChangePasswordPolicy: True_x000A_}_x000A_</ToString>
        <Props>
          <S N="Password">vai1ohneM</S>
          <B N="ForceChangePasswordNextLogin">true</B>
          <B N="EnforceChangePasswordPolicy">true</B>
        </Props>
      </Obj>
      <S N="StreetAddress">Van Bergenstraat 109</S>
      <S N="Country">NL</S>
      <S N="DisplayName">Naómi Cornelisse</S>
    </MS>
  </Obj>
  <Obj RefId="42">
    <TNRef RefId="0" />
    <MS>
      <S N="MailNickName">frob1955</S>
      <S N="PostalCode">9404 BH</S>
      <S N="Surname">Neleman</S>
      <S N="City">Assen</S>
      <B N="AccountEnabled">true</B>
      <S N="UserPrincipalName">frob1955@irwinstrachangmail.onmicrosoft.com</S>
      <S N="GivenName">Ethan</S>
      <Obj N="PasswordProfile" RefId="43">
        <TNRef RefId="1" />
        <ToString>class PasswordProfile {_x000A_  Password: ohhai0yie8Ei_x000A_  ForceChangePasswordNextLogin: True_x000A_  EnforceChangePasswordPolicy: True_x000A_}_x000A_</ToString>
        <Props>
          <S N="Password">ohhai0yie8Ei</S>
          <B N="ForceChangePasswordNextLogin">true</B>
          <B N="EnforceChangePasswordPolicy">true</B>
        </Props>
      </Obj>
      <S N="StreetAddress">Oosterpark 97</S>
      <S N="Country">NL</S>
      <S N="DisplayName">Ethan Neleman</S>
    </MS>
  </Obj>
  <Obj RefId="44">
    <TNRef RefId="0" />
    <MS>
      <S N="MailNickName">foldiand</S>
      <S N="PostalCode">7471 ZP</S>
      <S N="Surname">Wienen</S>
      <S N="City">Goor</S>
      <B N="AccountEnabled">true</B>
      <S N="UserPrincipalName">foldiand@irwinstrachangmail.onmicrosoft.com</S>
      <S N="GivenName">Trudy</S>
      <Obj N="PasswordProfile" RefId="45">
        <TNRef RefId="1" />
        <ToString>class PasswordProfile {_x000A_  Password: Zaeng6vom_x000A_  ForceChangePasswordNextLogin: True_x000A_  EnforceChangePasswordPolicy: True_x000A_}_x000A_</ToString>
        <Props>
          <S N="Password">Zaeng6vom</S>
          <B N="ForceChangePasswordNextLogin">true</B>
          <B N="EnforceChangePasswordPolicy">true</B>
        </Props>
      </Obj>
      <S N="StreetAddress">Van Eedenstraat 7</S>
      <S N="Country">NL</S>
      <S N="DisplayName">Trudy Wienen</S>
    </MS>
  </Obj>
  <Obj RefId="46">
    <TNRef RefId="0" />
    <MS>
      <S N="MailNickName">thatepat64</S>
      <S N="PostalCode">5674 SB</S>
      <S N="Surname">Dikken</S>
      <S N="City">Nuenen</S>
      <B N="AccountEnabled">true</B>
      <S N="UserPrincipalName">thatepat64@irwinstrachangmail.onmicrosoft.com</S>
      <S N="GivenName">Damaris</S>
      <Obj N="PasswordProfile" RefId="47">
        <TNRef RefId="1" />
        <ToString>class PasswordProfile {_x000A_  Password: eedee1kooCh_x000A_  ForceChangePasswordNextLogin: True_x000A_  EnforceChangePasswordPolicy: True_x000A_}_x000A_</ToString>
        <Props>
          <S N="Password">eedee1kooCh</S>
          <B N="ForceChangePasswordNextLogin">true</B>
          <B N="EnforceChangePasswordPolicy">true</B>
        </Props>
      </Obj>
      <S N="StreetAddress">Dungense Kant 165</S>
      <S N="Country">NL</S>
      <S N="DisplayName">Damaris Dikken</S>
    </MS>
  </Obj>
  <Obj RefId="48">
    <TNRef RefId="0" />
    <MS>
      <S N="MailNickName">yourprom</S>
      <S N="PostalCode">3117 PA</S>
      <S N="Surname">Weghorst</S>
      <S N="City">Schiedam</S>
      <B N="AccountEnabled">true</B>
      <S N="UserPrincipalName">yourprom@irwinstrachangmail.onmicrosoft.com</S>
      <S N="GivenName">Lakeisha</S>
      <Obj N="PasswordProfile" RefId="49">
        <TNRef RefId="1" />
        <ToString>class PasswordProfile {_x000A_  Password: ahjae8Hoh2oo_x000A_  ForceChangePasswordNextLogin: True_x000A_  EnforceChangePasswordPolicy: True_x000A_}_x000A_</ToString>
        <Props>
          <S N="Password">ahjae8Hoh2oo</S>
          <B N="ForceChangePasswordNextLogin">true</B>
          <B N="EnforceChangePasswordPolicy">true</B>
        </Props>
      </Obj>
      <S N="StreetAddress">Bilderdijkstraat 72</S>
      <S N="Country">NL</S>
      <S N="DisplayName">Lakeisha Weghorst</S>
    </MS>
  </Obj>
  <Obj RefId="50">
    <TNRef RefId="0" />
    <MS>
      <S N="MailNickName">behonell</S>
      <S N="PostalCode">9713 TX</S>
      <S N="Surname">Hendriks</S>
      <S N="City">Groningen</S>
      <B N="AccountEnabled">true</B>
      <S N="UserPrincipalName">behonell@irwinstrachangmail.onmicrosoft.com</S>
      <S N="GivenName">Davy</S>
      <Obj N="PasswordProfile" RefId="51">
        <TNRef RefId="1" />
        <ToString>class PasswordProfile {_x000A_  Password: thaixup6O_x000A_  ForceChangePasswordNextLogin: True_x000A_  EnforceChangePasswordPolicy: True_x000A_}_x000A_</ToString>
        <Props>
          <S N="Password">thaixup6O</S>
          <B N="ForceChangePasswordNextLogin">true</B>
          <B N="EnforceChangePasswordPolicy">true</B>
        </Props>
      </Obj>
      <S N="StreetAddress">Asterstraat 154</S>
      <S N="Country">NL</S>
      <S N="DisplayName">Davy Hendriks</S>
    </MS>
  </Obj>
  <Obj RefId="52">
    <TNRef RefId="0" />
    <MS>
      <S N="MailNickName">anstre</S>
      <S N="PostalCode">4461 HT</S>
      <S N="Surname">Toussaint</S>
      <S N="City">Goes</S>
      <B N="AccountEnabled">true</B>
      <S N="UserPrincipalName">anstre@irwinstrachangmail.onmicrosoft.com</S>
      <S N="GivenName">Brenda</S>
      <Obj N="PasswordProfile" RefId="53">
        <TNRef RefId="1" />
        <ToString>class PasswordProfile {_x000A_  Password: wo8keecaeJ_x000A_  ForceChangePasswordNextLogin: True_x000A_  EnforceChangePasswordPolicy: True_x000A_}_x000A_</ToString>
        <Props>
          <S N="Password">wo8keecaeJ</S>
          <B N="ForceChangePasswordNextLogin">true</B>
          <B N="EnforceChangePasswordPolicy">true</B>
        </Props>
      </Obj>
      <S N="StreetAddress">Vosmaerstraat 13</S>
      <S N="Country">NL</S>
      <S N="DisplayName">Brenda Toussaint</S>
    </MS>
  </Obj>
  <Obj RefId="54">
    <TNRef RefId="0" />
    <MS>
      <S N="MailNickName">agall1954</S>
      <S N="PostalCode">2572 AL</S>
      <S N="Surname">Bruntink</S>
      <S N="City">Den Haag</S>
      <B N="AccountEnabled">true</B>
      <S N="UserPrincipalName">agall1954@irwinstrachangmail.onmicrosoft.com</S>
      <S N="GivenName">Cherise</S>
      <Obj N="PasswordProfile" RefId="55">
        <TNRef RefId="1" />
        <ToString>class PasswordProfile {_x000A_  Password: ibo0Laikexee_x000A_  ForceChangePasswordNextLogin: True_x000A_  EnforceChangePasswordPolicy: True_x000A_}_x000A_</ToString>
        <Props>
          <S N="Password">ibo0Laikexee</S>
          <B N="ForceChangePasswordNextLogin">true</B>
          <B N="EnforceChangePasswordPolicy">true</B>
        </Props>
      </Obj>
      <S N="StreetAddress">Scheepersstraat 131</S>
      <S N="Country">NL</S>
      <S N="DisplayName">Cherise Bruntink</S>
    </MS>
  </Obj>
  <Obj RefId="56">
    <TNRef RefId="0" />
    <MS>
      <S N="MailNickName">arcemsed</S>
      <S N="PostalCode">4382 KB</S>
      <S N="Surname">Hoogland</S>
      <S N="City">Vlissingen</S>
      <B N="AccountEnabled">true</B>
      <S N="UserPrincipalName">arcemsed@irwinstrachangmail.onmicrosoft.com</S>
      <S N="GivenName">Meghan</S>
      <Obj N="PasswordProfile" RefId="57">
        <TNRef RefId="1" />
        <ToString>class PasswordProfile {_x000A_  Password: Uiw0Wae1nai_x000A_  ForceChangePasswordNextLogin: True_x000A_  EnforceChangePasswordPolicy: True_x000A_}_x000A_</ToString>
        <Props>
          <S N="Password">Uiw0Wae1nai</S>
          <B N="ForceChangePasswordNextLogin">true</B>
          <B N="EnforceChangePasswordPolicy">true</B>
        </Props>
      </Obj>
      <S N="StreetAddress">Bonedijkestraat 8</S>
      <S N="Country">NL</S>
      <S N="DisplayName">Meghan Hoogland</S>
    </MS>
  </Obj>
  <Obj RefId="58">
    <TNRef RefId="0" />
    <MS>
      <S N="MailNickName">ning1952</S>
      <S N="PostalCode">3825 GC</S>
      <S N="Surname">Kuper</S>
      <S N="City">Amersfoort</S>
      <B N="AccountEnabled">true</B>
      <S N="UserPrincipalName">ning1952@irwinstrachangmail.onmicrosoft.com</S>
      <S N="GivenName">Sita</S>
      <Obj N="PasswordProfile" RefId="59">
        <TNRef RefId="1" />
        <ToString>class PasswordProfile {_x000A_  Password: eip1LieD_x000A_  ForceChangePasswordNextLogin: True_x000A_  EnforceChangePasswordPolicy: True_x000A_}_x000A_</ToString>
        <Props>
          <S N="Password">eip1LieD</S>
          <B N="ForceChangePasswordNextLogin">true</B>
          <B N="EnforceChangePasswordPolicy">true</B>
        </Props>
      </Obj>
      <S N="StreetAddress">Sparrenboomseberg 157</S>
      <S N="Country">NL</S>
      <S N="DisplayName">Sita Kuper</S>
    </MS>
  </Obj>
  <Obj RefId="60">
    <TNRef RefId="0" />
    <MS>
      <S N="MailNickName">yazzle1990</S>
      <S N="PostalCode">3829 AS</S>
      <S N="Surname">Zwolsman</S>
      <S N="City">Hooglanderveen</S>
      <B N="AccountEnabled">true</B>
      <S N="UserPrincipalName">yazzle1990@irwinstrachangmail.onmicrosoft.com</S>
      <S N="GivenName">Samir</S>
      <Obj N="PasswordProfile" RefId="61">
        <TNRef RefId="1" />
        <ToString>class PasswordProfile {_x000A_  Password: oso6aoSu_x000A_  ForceChangePasswordNextLogin: True_x000A_  EnforceChangePasswordPolicy: True_x000A_}_x000A_</ToString>
        <Props>
          <S N="Password">oso6aoSu</S>
          <B N="ForceChangePasswordNextLogin">true</B>
          <B N="EnforceChangePasswordPolicy">true</B>
        </Props>
      </Obj>
      <S N="StreetAddress">Van Beeklaan 104</S>
      <S N="Country">NL</S>
      <S N="DisplayName">Samir Zwolsman</S>
    </MS>
  </Obj>
  <Obj RefId="62">
    <TNRef RefId="0" />
    <MS>
      <S N="MailNickName">knines</S>
      <S N="PostalCode">2111 HM</S>
      <S N="Surname">van Zuijlen</S>
      <S N="City">Aerdenhout</S>
      <B N="AccountEnabled">true</B>
      <S N="UserPrincipalName">knines@irwinstrachangmail.onmicrosoft.com</S>
      <S N="GivenName">Asude</S>
      <Obj N="PasswordProfile" RefId="63">
        <TNRef RefId="1" />
        <ToString>class PasswordProfile {_x000A_  Password: Iikiageu5vu_x000A_  ForceChangePasswordNextLogin: True_x000A_  EnforceChangePasswordPolicy: True_x000A_}_x000A_</ToString>
        <Props>
          <S N="Password">Iikiageu5vu</S>
          <B N="ForceChangePasswordNextLogin">true</B>
          <B N="EnforceChangePasswordPolicy">true</B>
        </Props>
      </Obj>
      <S N="StreetAddress">Boekenroodeweg 24</S>
      <S N="Country">NL</S>
      <S N="DisplayName">Asude van Zuijlen</S>
    </MS>
  </Obj>
  <Obj RefId="64">
    <TNRef RefId="0" />
    <MS>
      <S N="MailNickName">frally1995</S>
      <S N="PostalCode">9285 SP</S>
      <S N="Surname">den Oudsten</S>
      <S N="City">Buitenpost</S>
      <B N="AccountEnabled">true</B>
      <S N="UserPrincipalName">frally1995@irwinstrachangmail.onmicrosoft.com</S>
      <S N="GivenName">Coen</S>
      <Obj N="PasswordProfile" RefId="65">
        <TNRef RefId="1" />
        <ToString>class PasswordProfile {_x000A_  Password: nuing8Aewah_x000A_  ForceChangePasswordNextLogin: True_x000A_  EnforceChangePasswordPolicy: True_x000A_}_x000A_</ToString>
        <Props>
          <S N="Password">nuing8Aewah</S>
          <B N="ForceChangePasswordNextLogin">true</B>
          <B N="EnforceChangePasswordPolicy">true</B>
        </Props>
      </Obj>
      <S N="StreetAddress">Kuipersweg 130</S>
      <S N="Country">NL</S>
      <S N="DisplayName">Coen den Oudsten</S>
    </MS>
  </Obj>
  <Obj RefId="66">
    <TNRef RefId="0" />
    <MS>
      <S N="MailNickName">beated</S>
      <S N="PostalCode">7798 CK</S>
      <S N="Surname">Kokshoorn</S>
      <S N="City">Collendoorn</S>
      <B N="AccountEnabled">true</B>
      <S N="UserPrincipalName">beated@irwinstrachangmail.onmicrosoft.com</S>
      <S N="GivenName">Yassine</S>
      <Obj N="PasswordProfile" RefId="67">
        <TNRef RefId="1" />
        <ToString>class PasswordProfile {_x000A_  Password: TiV6gah8Ahj_x000A_  ForceChangePasswordNextLogin: True_x000A_  EnforceChangePasswordPolicy: True_x000A_}_x000A_</ToString>
        <Props>
          <S N="Password">TiV6gah8Ahj</S>
          <B N="ForceChangePasswordNextLogin">true</B>
          <B N="EnforceChangePasswordPolicy">true</B>
        </Props>
      </Obj>
      <S N="StreetAddress">Allemansweg 46</S>
      <S N="Country">NL</S>
      <S N="DisplayName">Yassine Kokshoorn</S>
    </MS>
  </Obj>
  <Obj RefId="68">
    <TNRef RefId="0" />
    <MS>
      <S N="MailNickName">aretteprieve</S>
      <S N="PostalCode">2553 BL</S>
      <S N="Surname">Bruens</S>
      <S N="City">Den Haag</S>
      <B N="AccountEnabled">true</B>
      <S N="UserPrincipalName">aretteprieve@irwinstrachangmail.onmicrosoft.com</S>
      <S N="GivenName">Irem</S>
      <Obj N="PasswordProfile" RefId="69">
        <TNRef RefId="1" />
        <ToString>class PasswordProfile {_x000A_  Password: ohP8Ohshohn_x000A_  ForceChangePasswordNextLogin: True_x000A_  EnforceChangePasswordPolicy: True_x000A_}_x000A_</ToString>
        <Props>
          <S N="Password">ohP8Ohshohn</S>
          <B N="ForceChangePasswordNextLogin">true</B>
          <B N="EnforceChangePasswordPolicy">true</B>
        </Props>
      </Obj>
      <S N="StreetAddress">Pisuissestraat 119</S>
      <S N="Country">NL</S>
      <S N="DisplayName">Irem Bruens</S>
    </MS>
  </Obj>
  <Obj RefId="70">
    <TNRef RefId="0" />
    <MS>
      <S N="MailNickName">camerceem</S>
      <S N="PostalCode">2551 KG</S>
      <S N="Surname">van Duin</S>
      <S N="City">Den Haag</S>
      <B N="AccountEnabled">true</B>
      <S N="UserPrincipalName">camerceem@irwinstrachangmail.onmicrosoft.com</S>
      <S N="GivenName">Gerline</S>
      <Obj N="PasswordProfile" RefId="71">
        <TNRef RefId="1" />
        <ToString>class PasswordProfile {_x000A_  Password: AeNg8oox0ie_x000A_  ForceChangePasswordNextLogin: True_x000A_  EnforceChangePasswordPolicy: True_x000A_}_x000A_</ToString>
        <Props>
          <S N="Password">AeNg8oox0ie</S>
          <B N="ForceChangePasswordNextLogin">true</B>
          <B N="EnforceChangePasswordPolicy">true</B>
        </Props>
      </Obj>
      <S N="StreetAddress">Alphons Diepenbrockhof 128</S>
      <S N="Country">NL</S>
      <S N="DisplayName">Gerline van Duin</S>
    </MS>
  </Obj>
  <Obj RefId="72">
    <TNRef RefId="0" />
    <MS>
      <S N="MailNickName">darke1970</S>
      <S N="PostalCode">6573 AB</S>
      <S N="Surname">van den Assem</S>
      <S N="City">Beek-Ubbergen</S>
      <B N="AccountEnabled">true</B>
      <S N="UserPrincipalName">darke1970@irwinstrachangmail.onmicrosoft.com</S>
      <S N="GivenName">Carli</S>
      <Obj N="PasswordProfile" RefId="73">
        <TNRef RefId="1" />
        <ToString>class PasswordProfile {_x000A_  Password: ih3ooQuieth_x000A_  ForceChangePasswordNextLogin: True_x000A_  EnforceChangePasswordPolicy: True_x000A_}_x000A_</ToString>
        <Props>
          <S N="Password">ih3ooQuieth</S>
          <B N="ForceChangePasswordNextLogin">true</B>
          <B N="EnforceChangePasswordPolicy">true</B>
        </Props>
      </Obj>
      <S N="StreetAddress">Waterstraat 178</S>
      <S N="Country">NL</S>
      <S N="DisplayName">Carli van den Assem</S>
    </MS>
  </Obj>
  <Obj RefId="74">
    <TNRef RefId="0" />
    <MS>
      <S N="MailNickName">pernihiststo53</S>
      <S N="PostalCode">8263 BW</S>
      <S N="Surname">Antonissen</S>
      <S N="City">Kampen</S>
      <B N="AccountEnabled">true</B>
      <S N="UserPrincipalName">pernihiststo53@irwinstrachangmail.onmicrosoft.com</S>
      <S N="GivenName">Marjam</S>
      <Obj N="PasswordProfile" RefId="75">
        <TNRef RefId="1" />
        <ToString>class PasswordProfile {_x000A_  Password: OoJaeR6E_x000A_  ForceChangePasswordNextLogin: True_x000A_  EnforceChangePasswordPolicy: True_x000A_}_x000A_</ToString>
        <Props>
          <S N="Password">OoJaeR6E</S>
          <B N="ForceChangePasswordNextLogin">true</B>
          <B N="EnforceChangePasswordPolicy">true</B>
        </Props>
      </Obj>
      <S N="StreetAddress">Transportstraat 4</S>
      <S N="Country">NL</S>
      <S N="DisplayName">Marjam Antonissen</S>
    </MS>
  </Obj>
  <Obj RefId="76">
    <TNRef RefId="0" />
    <MS>
      <S N="MailNickName">spois1953</S>
      <S N="PostalCode">7906 PJ</S>
      <S N="Surname">Bes</S>
      <S N="City">Hoogeveen</S>
      <B N="AccountEnabled">true</B>
      <S N="UserPrincipalName">spois1953@irwinstrachangmail.onmicrosoft.com</S>
      <S N="GivenName">Gerbrand</S>
      <Obj N="PasswordProfile" RefId="77">
        <TNRef RefId="1" />
        <ToString>class PasswordProfile {_x000A_  Password: queiLaiT1_x000A_  ForceChangePasswordNextLogin: True_x000A_  EnforceChangePasswordPolicy: True_x000A_}_x000A_</ToString>
        <Props>
          <S N="Password">queiLaiT1</S>
          <B N="ForceChangePasswordNextLogin">true</B>
          <B N="EnforceChangePasswordPolicy">true</B>
        </Props>
      </Obj>
      <S N="StreetAddress">Mimosastraat 166</S>
      <S N="Country">NL</S>
      <S N="DisplayName">Gerbrand Bes</S>
    </MS>
  </Obj>
  <Obj RefId="78">
    <TNRef RefId="0" />
    <MS>
      <S N="MailNickName">senifee1987</S>
      <S N="PostalCode">3763 XH</S>
      <S N="Surname">van der Hart</S>
      <S N="City">Soest</S>
      <B N="AccountEnabled">true</B>
      <S N="UserPrincipalName">senifee1987@irwinstrachangmail.onmicrosoft.com</S>
      <S N="GivenName">Öznur</S>
      <Obj N="PasswordProfile" RefId="79">
        <TNRef RefId="1" />
        <ToString>class PasswordProfile {_x000A_  Password: Aatae6aqu_x000A_  ForceChangePasswordNextLogin: True_x000A_  EnforceChangePasswordPolicy: True_x000A_}_x000A_</ToString>
        <Props>
          <S N="Password">Aatae6aqu</S>
          <B N="ForceChangePasswordNextLogin">true</B>
          <B N="EnforceChangePasswordPolicy">true</B>
        </Props>
      </Obj>
      <S N="StreetAddress">Hofstedering 176</S>
      <S N="Country">NL</S>
      <S N="DisplayName">Öznur van der Hart</S>
    </MS>
  </Obj>
  <Obj RefId="80">
    <TNRef RefId="0" />
    <MS>
      <S N="MailNickName">brours68</S>
      <S N="PostalCode">1901 PK</S>
      <S N="Surname">van Eijl</S>
      <S N="City">Castricum</S>
      <B N="AccountEnabled">true</B>
      <S N="UserPrincipalName">brours68@irwinstrachangmail.onmicrosoft.com</S>
      <S N="GivenName">Aleksandar</S>
      <Obj N="PasswordProfile" RefId="81">
        <TNRef RefId="1" />
        <ToString>class PasswordProfile {_x000A_  Password: ka0xauS3hei_x000A_  ForceChangePasswordNextLogin: True_x000A_  EnforceChangePasswordPolicy: True_x000A_}_x000A_</ToString>
        <Props>
          <S N="Password">ka0xauS3hei</S>
          <B N="ForceChangePasswordNextLogin">true</B>
          <B N="EnforceChangePasswordPolicy">true</B>
        </Props>
      </Obj>
      <S N="StreetAddress">Jan Hobergstraat 114</S>
      <S N="Country">NL</S>
      <S N="DisplayName">Aleksandar van Eijl</S>
    </MS>
  </Obj>
  <Obj RefId="82">
    <TNRef RefId="0" />
    <MS>
      <S N="MailNickName">proadite</S>
      <S N="PostalCode">7104 AC</S>
      <S N="Surname">van Spanje</S>
      <S N="City">Winterswijk Meddo</S>
      <B N="AccountEnabled">true</B>
      <S N="UserPrincipalName">proadite@irwinstrachangmail.onmicrosoft.com</S>
      <S N="GivenName">Sancho</S>
      <Obj N="PasswordProfile" RefId="83">
        <TNRef RefId="1" />
        <ToString>class PasswordProfile {_x000A_  Password: oiGhaegh4aev_x000A_  ForceChangePasswordNextLogin: True_x000A_  EnforceChangePasswordPolicy: True_x000A_}_x000A_</ToString>
        <Props>
          <S N="Password">oiGhaegh4aev</S>
          <B N="ForceChangePasswordNextLogin">true</B>
          <B N="EnforceChangePasswordPolicy">true</B>
        </Props>
      </Obj>
      <S N="StreetAddress">Wormskampweg 189</S>
      <S N="Country">NL</S>
      <S N="DisplayName">Sancho van Spanje</S>
    </MS>
  </Obj>
  <Obj RefId="84">
    <TNRef RefId="0" />
    <MS>
      <S N="MailNickName">suffected</S>
      <S N="PostalCode">5049 NC</S>
      <S N="Surname">Mans</S>
      <S N="City">Tilburg</S>
      <B N="AccountEnabled">true</B>
      <S N="UserPrincipalName">suffected@irwinstrachangmail.onmicrosoft.com</S>
      <S N="GivenName">Jurian</S>
      <Obj N="PasswordProfile" RefId="85">
        <TNRef RefId="1" />
        <ToString>class PasswordProfile {_x000A_  Password: Ku1eet0ae_x000A_  ForceChangePasswordNextLogin: True_x000A_  EnforceChangePasswordPolicy: True_x000A_}_x000A_</ToString>
        <Props>
          <S N="Password">Ku1eet0ae</S>
          <B N="ForceChangePasswordNextLogin">true</B>
          <B N="EnforceChangePasswordPolicy">true</B>
        </Props>
      </Obj>
      <S N="StreetAddress">Kapelmeesterlaan 155</S>
      <S N="Country">NL</S>
      <S N="DisplayName">Jurian Mans</S>
    </MS>
  </Obj>
  <Obj RefId="86">
    <TNRef RefId="0" />
    <MS>
      <S N="MailNickName">comeat</S>
      <S N="PostalCode">4873 LT</S>
      <S N="Surname">Weststrate</S>
      <S N="City">Etten-Leur</S>
      <B N="AccountEnabled">true</B>
      <S N="UserPrincipalName">comeat@irwinstrachangmail.onmicrosoft.com</S>
      <S N="GivenName">Bartosz</S>
      <Obj N="PasswordProfile" RefId="87">
        <TNRef RefId="1" />
        <ToString>class PasswordProfile {_x000A_  Password: Aesah9Eu1j_x000A_  ForceChangePasswordNextLogin: True_x000A_  EnforceChangePasswordPolicy: True_x000A_}_x000A_</ToString>
        <Props>
          <S N="Password">Aesah9Eu1j</S>
          <B N="ForceChangePasswordNextLogin">true</B>
          <B N="EnforceChangePasswordPolicy">true</B>
        </Props>
      </Obj>
      <S N="StreetAddress">Rijsbergseweg 116</S>
      <S N="Country">NL</S>
      <S N="DisplayName">Bartosz Weststrate</S>
    </MS>
  </Obj>
  <Obj RefId="88">
    <TNRef RefId="0" />
    <MS>
      <S N="MailNickName">nize1974</S>
      <S N="PostalCode">1474 MP</S>
      <S N="Surname">van Ark</S>
      <S N="City">Oosthuizen</S>
      <B N="AccountEnabled">true</B>
      <S N="UserPrincipalName">nize1974@irwinstrachangmail.onmicrosoft.com</S>
      <S N="GivenName">Abdennour</S>
      <Obj N="PasswordProfile" RefId="89">
        <TNRef RefId="1" />
        <ToString>class PasswordProfile {_x000A_  Password: eeph9uuToo_x000A_  ForceChangePasswordNextLogin: True_x000A_  EnforceChangePasswordPolicy: True_x000A_}_x000A_</ToString>
        <Props>
          <S N="Password">eeph9uuToo</S>
          <B N="ForceChangePasswordNextLogin">true</B>
          <B N="EnforceChangePasswordPolicy">true</B>
        </Props>
      </Obj>
      <S N="StreetAddress">Burgemeester Steertstraat 56</S>
      <S N="Country">NL</S>
      <S N="DisplayName">Abdennour van Ark</S>
    </MS>
  </Obj>
  <Obj RefId="90">
    <TNRef RefId="0" />
    <MS>
      <S N="MailNickName">occred</S>
      <S N="PostalCode">1336 JC</S>
      <S N="Surname">Grootjans</S>
      <S N="City">Almere</S>
      <B N="AccountEnabled">true</B>
      <S N="UserPrincipalName">occred@irwinstrachangmail.onmicrosoft.com</S>
      <S N="GivenName">Stefani</S>
      <Obj N="PasswordProfile" RefId="91">
        <TNRef RefId="1" />
        <ToString>class PasswordProfile {_x000A_  Password: cais2Pheic_x000A_  ForceChangePasswordNextLogin: True_x000A_  EnforceChangePasswordPolicy: True_x000A_}_x000A_</ToString>
        <Props>
          <S N="Password">cais2Pheic</S>
          <B N="ForceChangePasswordNextLogin">true</B>
          <B N="EnforceChangePasswordPolicy">true</B>
        </Props>
      </Obj>
      <S N="StreetAddress">Henk Sprengerweg 69</S>
      <S N="Country">NL</S>
      <S N="DisplayName">Stefani Grootjans</S>
    </MS>
  </Obj>
  <Obj RefId="92">
    <TNRef RefId="0" />
    <MS>
      <S N="MailNickName">bobjection</S>
      <S N="PostalCode">1791 MH</S>
      <S N="Surname">Slot</S>
      <S N="City">Den Burg</S>
      <B N="AccountEnabled">true</B>
      <S N="UserPrincipalName">bobjection@irwinstrachangmail.onmicrosoft.com</S>
      <S N="GivenName">Somia</S>
      <Obj N="PasswordProfile" RefId="93">
        <TNRef RefId="1" />
        <ToString>class PasswordProfile {_x000A_  Password: Gu9rahphei9u_x000A_  ForceChangePasswordNextLogin: True_x000A_  EnforceChangePasswordPolicy: True_x000A_}_x000A_</ToString>
        <Props>
          <S N="Password">Gu9rahphei9u</S>
          <B N="ForceChangePasswordNextLogin">true</B>
          <B N="EnforceChangePasswordPolicy">true</B>
        </Props>
      </Obj>
      <S N="StreetAddress">Burgerdijk 141</S>
      <S N="Country">NL</S>
      <S N="DisplayName">Somia Slot</S>
    </MS>
  </Obj>
  <Obj RefId="94">
    <TNRef RefId="0" />
    <MS>
      <S N="MailNickName">loded1960</S>
      <S N="PostalCode">1443 AK</S>
      <S N="Surname">Bolier</S>
      <S N="City">Purmerend</S>
      <B N="AccountEnabled">true</B>
      <S N="UserPrincipalName">loded1960@irwinstrachangmail.onmicrosoft.com</S>
      <S N="GivenName">Olcay</S>
      <Obj N="PasswordProfile" RefId="95">
        <TNRef RefId="1" />
        <ToString>class PasswordProfile {_x000A_  Password: iamoh9Eixah_x000A_  ForceChangePasswordNextLogin: True_x000A_  EnforceChangePasswordPolicy: True_x000A_}_x000A_</ToString>
        <Props>
          <S N="Password">iamoh9Eixah</S>
          <B N="ForceChangePasswordNextLogin">true</B>
          <B N="EnforceChangePasswordPolicy">true</B>
        </Props>
      </Obj>
      <S N="StreetAddress">Castorstraat 164</S>
      <S N="Country">NL</S>
      <S N="DisplayName">Olcay Bolier</S>
    </MS>
  </Obj>
  <Obj RefId="96">
    <TNRef RefId="0" />
    <MS>
      <S N="MailNickName">guse1983</S>
      <S N="PostalCode">1602 MR</S>
      <S N="Surname">Broek</S>
      <S N="City">Enkhuizen</S>
      <B N="AccountEnabled">true</B>
      <S N="UserPrincipalName">guse1983@irwinstrachangmail.onmicrosoft.com</S>
      <S N="GivenName">Bennie</S>
      <Obj N="PasswordProfile" RefId="97">
        <TNRef RefId="1" />
        <ToString>class PasswordProfile {_x000A_  Password: uy4oo4aS3eeN_x000A_  ForceChangePasswordNextLogin: True_x000A_  EnforceChangePasswordPolicy: True_x000A_}_x000A_</ToString>
        <Props>
          <S N="Password">uy4oo4aS3eeN</S>
          <B N="ForceChangePasswordNextLogin">true</B>
          <B N="EnforceChangePasswordPolicy">true</B>
        </Props>
      </Obj>
      <S N="StreetAddress">De Laars 119</S>
      <S N="Country">NL</S>
      <S N="DisplayName">Bennie Broek</S>
    </MS>
  </Obj>
  <Obj RefId="98">
    <TNRef RefId="0" />
    <MS>
      <S N="MailNickName">flut1974</S>
      <S N="PostalCode">3925 TD</S>
      <S N="Surname">Smaling</S>
      <S N="City">Scherpenzeel</S>
      <B N="AccountEnabled">true</B>
      <S N="UserPrincipalName">flut1974@irwinstrachangmail.onmicrosoft.com</S>
      <S N="GivenName">Justine</S>
      <Obj N="PasswordProfile" RefId="99">
        <TNRef RefId="1" />
        <ToString>class PasswordProfile {_x000A_  Password: Wo8ooKepei_x000A_  ForceChangePasswordNextLogin: True_x000A_  EnforceChangePasswordPolicy: True_x000A_}_x000A_</ToString>
        <Props>
          <S N="Password">Wo8ooKepei</S>
          <B N="ForceChangePasswordNextLogin">true</B>
          <B N="EnforceChangePasswordPolicy">true</B>
        </Props>
      </Obj>
      <S N="StreetAddress">Spechtlaan 43</S>
      <S N="Country">NL</S>
      <S N="DisplayName">Justine Smaling</S>
    </MS>
  </Obj>
  <Obj RefId="100">
    <TNRef RefId="0" />
    <MS>
      <S N="MailNickName">dualar</S>
      <S N="PostalCode">6744 AS</S>
      <S N="Surname">Hommersom</S>
      <S N="City">Ederveen</S>
      <B N="AccountEnabled">true</B>
      <S N="UserPrincipalName">dualar@irwinstrachangmail.onmicrosoft.com</S>
      <S N="GivenName">Abderrahim</S>
      <Obj N="PasswordProfile" RefId="101">
        <TNRef RefId="1" />
        <ToString>class PasswordProfile {_x000A_  Password: Eeg8Ahhi6Mae_x000A_  ForceChangePasswordNextLogin: True_x000A_  EnforceChangePasswordPolicy: True_x000A_}_x000A_</ToString>
        <Props>
          <S N="Password">Eeg8Ahhi6Mae</S>
          <B N="ForceChangePasswordNextLogin">true</B>
          <B N="EnforceChangePasswordPolicy">true</B>
        </Props>
      </Obj>
      <S N="StreetAddress">Forsythiastraat 173</S>
      <S N="Country">NL</S>
      <S N="DisplayName">Abderrahim Hommersom</S>
    </MS>
  </Obj>
  <Obj RefId="102">
    <TNRef RefId="0" />
    <MS>
      <S N="MailNickName">uppon1982</S>
      <S N="PostalCode">4332 DJ</S>
      <S N="Surname">Boswinkel</S>
      <S N="City">Middelburg</S>
      <B N="AccountEnabled">true</B>
      <S N="UserPrincipalName">uppon1982@irwinstrachangmail.onmicrosoft.com</S>
      <S N="GivenName">Jayro</S>
      <Obj N="PasswordProfile" RefId="103">
        <TNRef RefId="1" />
        <ToString>class PasswordProfile {_x000A_  Password: ku4Ro4he_x000A_  ForceChangePasswordNextLogin: True_x000A_  EnforceChangePasswordPolicy: True_x000A_}_x000A_</ToString>
        <Props>
          <S N="Password">ku4Ro4he</S>
          <B N="ForceChangePasswordNextLogin">true</B>
          <B N="EnforceChangePasswordPolicy">true</B>
        </Props>
      </Obj>
      <S N="StreetAddress">Zwanenhof 162</S>
      <S N="Country">NL</S>
      <S N="DisplayName">Jayro Boswinkel</S>
    </MS>
  </Obj>
  <Obj RefId="104">
    <TNRef RefId="0" />
    <MS>
      <S N="MailNickName">thossittly</S>
      <S N="PostalCode">3602 AN</S>
      <S N="Surname">Riphagen</S>
      <S N="City">Maarssen</S>
      <B N="AccountEnabled">true</B>
      <S N="UserPrincipalName">thossittly@irwinstrachangmail.onmicrosoft.com</S>
      <S N="GivenName">Marinthe</S>
      <Obj N="PasswordProfile" RefId="105">
        <TNRef RefId="1" />
        <ToString>class PasswordProfile {_x000A_  Password: osh1TeiXeequ_x000A_  ForceChangePasswordNextLogin: True_x000A_  EnforceChangePasswordPolicy: True_x000A_}_x000A_</ToString>
        <Props>
          <S N="Password">osh1TeiXeequ</S>
          <B N="ForceChangePasswordNextLogin">true</B>
          <B N="EnforceChangePasswordPolicy">true</B>
        </Props>
      </Obj>
      <S N="StreetAddress">Maarssev Poort 93</S>
      <S N="Country">NL</S>
      <S N="DisplayName">Marinthe Riphagen</S>
    </MS>
  </Obj>
  <Obj RefId="106">
    <TNRef RefId="0" />
    <MS>
      <S N="MailNickName">bromb1982</S>
      <S N="PostalCode">3012 KB</S>
      <S N="Surname">Onderstal</S>
      <S N="City">Rotterdam</S>
      <B N="AccountEnabled">true</B>
      <S N="UserPrincipalName">bromb1982@irwinstrachangmail.onmicrosoft.com</S>
      <S N="GivenName">Broer</S>
      <Obj N="PasswordProfile" RefId="107">
        <TNRef RefId="1" />
        <ToString>class PasswordProfile {_x000A_  Password: hee4aeWei_x000A_  ForceChangePasswordNextLogin: True_x000A_  EnforceChangePasswordPolicy: True_x000A_}_x000A_</ToString>
        <Props>
          <S N="Password">hee4aeWei</S>
          <B N="ForceChangePasswordNextLogin">true</B>
          <B N="EnforceChangePasswordPolicy">true</B>
        </Props>
      </Obj>
      <S N="StreetAddress">Keerweer 32</S>
      <S N="Country">NL</S>
      <S N="DisplayName">Broer Onderstal</S>
    </MS>
  </Obj>
  <Obj RefId="108">
    <TNRef RefId="0" />
    <MS>
      <S N="MailNickName">lentoons</S>
      <S N="PostalCode">4927 SG</S>
      <S N="Surname">El Azzouzi</S>
      <S N="City">Hooge Zwaluwe</S>
      <B N="AccountEnabled">true</B>
      <S N="UserPrincipalName">lentoons@irwinstrachangmail.onmicrosoft.com</S>
      <S N="GivenName">Janina</S>
      <Obj N="PasswordProfile" RefId="109">
        <TNRef RefId="1" />
        <ToString>class PasswordProfile {_x000A_  Password: ong3Eu3oo_x000A_  ForceChangePasswordNextLogin: True_x000A_  EnforceChangePasswordPolicy: True_x000A_}_x000A_</ToString>
        <Props>
          <S N="Password">ong3Eu3oo</S>
          <B N="ForceChangePasswordNextLogin">true</B>
          <B N="EnforceChangePasswordPolicy">true</B>
        </Props>
      </Obj>
      <S N="StreetAddress">Hamseweg 8</S>
      <S N="Country">NL</S>
      <S N="DisplayName">Janina El Azzouzi</S>
    </MS>
  </Obj>
  <Obj RefId="110">
    <TNRef RefId="0" />
    <MS>
      <S N="MailNickName">baimet</S>
      <S N="PostalCode">2315 GN</S>
      <S N="Surname">Aarnink</S>
      <S N="City">Leiden</S>
      <B N="AccountEnabled">true</B>
      <S N="UserPrincipalName">baimet@irwinstrachangmail.onmicrosoft.com</S>
      <S N="GivenName">Maika</S>
      <Obj N="PasswordProfile" RefId="111">
        <TNRef RefId="1" />
        <ToString>class PasswordProfile {_x000A_  Password: zooquai5Jua_x000A_  ForceChangePasswordNextLogin: True_x000A_  EnforceChangePasswordPolicy: True_x000A_}_x000A_</ToString>
        <Props>
          <S N="Password">zooquai5Jua</S>
          <B N="ForceChangePasswordNextLogin">true</B>
          <B N="EnforceChangePasswordPolicy">true</B>
        </Props>
      </Obj>
      <S N="StreetAddress">Javastraat 191</S>
      <S N="Country">NL</S>
      <S N="DisplayName">Maika Aarnink</S>
    </MS>
  </Obj>
  <Obj RefId="112">
    <TNRef RefId="0" />
    <MS>
      <S N="MailNickName">nesecale1978</S>
      <S N="PostalCode">2513 RB</S>
      <S N="Surname">Euverman</S>
      <S N="City">Den Haag</S>
      <B N="AccountEnabled">true</B>
      <S N="UserPrincipalName">nesecale1978@irwinstrachangmail.onmicrosoft.com</S>
      <S N="GivenName">Koop</S>
      <Obj N="PasswordProfile" RefId="113">
        <TNRef RefId="1" />
        <ToString>class PasswordProfile {_x000A_  Password: Zie7ooyie_x000A_  ForceChangePasswordNextLogin: True_x000A_  EnforceChangePasswordPolicy: True_x000A_}_x000A_</ToString>
        <Props>
          <S N="Password">Zie7ooyie</S>
          <B N="ForceChangePasswordNextLogin">true</B>
          <B N="EnforceChangePasswordPolicy">true</B>
        </Props>
      </Obj>
      <S N="StreetAddress">Hemsterhuisstraat 117</S>
      <S N="Country">NL</S>
      <S N="DisplayName">Koop Euverman</S>
    </MS>
  </Obj>
  <Obj RefId="114">
    <TNRef RefId="0" />
    <MS>
      <S N="MailNickName">wailly</S>
      <S N="PostalCode">3206 GB</S>
      <S N="Surname">Beukema</S>
      <S N="City">Spijkenisse</S>
      <B N="AccountEnabled">true</B>
      <S N="UserPrincipalName">wailly@irwinstrachangmail.onmicrosoft.com</S>
      <S N="GivenName">Jannes</S>
      <Obj N="PasswordProfile" RefId="115">
        <TNRef RefId="1" />
        <ToString>class PasswordProfile {_x000A_  Password: phuG9coo_x000A_  ForceChangePasswordNextLogin: True_x000A_  EnforceChangePasswordPolicy: True_x000A_}_x000A_</ToString>
        <Props>
          <S N="Password">phuG9coo</S>
          <B N="ForceChangePasswordNextLogin">true</B>
          <B N="EnforceChangePasswordPolicy">true</B>
        </Props>
      </Obj>
      <S N="StreetAddress">Biezenkreek 160</S>
      <S N="Country">NL</S>
      <S N="DisplayName">Jannes Beukema</S>
    </MS>
  </Obj>
  <Obj RefId="116">
    <TNRef RefId="0" />
    <MS>
      <S N="MailNickName">hore1959</S>
      <S N="PostalCode">1132 XV</S>
      <S N="Surname">Gouweleeuw</S>
      <S N="City">Volendam</S>
      <B N="AccountEnabled">true</B>
      <S N="UserPrincipalName">hore1959@irwinstrachangmail.onmicrosoft.com</S>
      <S N="GivenName">Wisse</S>
      <Obj N="PasswordProfile" RefId="117">
        <TNRef RefId="1" />
        <ToString>class PasswordProfile {_x000A_  Password: Aohahc6i_x000A_  ForceChangePasswordNextLogin: True_x000A_  EnforceChangePasswordPolicy: True_x000A_}_x000A_</ToString>
        <Props>
          <S N="Password">Aohahc6i</S>
          <B N="ForceChangePasswordNextLogin">true</B>
          <B N="EnforceChangePasswordPolicy">true</B>
        </Props>
      </Obj>
      <S N="StreetAddress">Jan Sluiterstraat 78</S>
      <S N="Country">NL</S>
      <S N="DisplayName">Wisse Gouweleeuw</S>
    </MS>
  </Obj>
  <Obj RefId="118">
    <TNRef RefId="0" />
    <MS>
      <S N="MailNickName">cholove</S>
      <S N="PostalCode">4105 AT</S>
      <S N="Surname">Roeleveld</S>
      <S N="City">Culemborg</S>
      <B N="AccountEnabled">true</B>
      <S N="UserPrincipalName">cholove@irwinstrachangmail.onmicrosoft.com</S>
      <S N="GivenName">Konstantinos</S>
      <Obj N="PasswordProfile" RefId="119">
        <TNRef RefId="1" />
        <ToString>class PasswordProfile {_x000A_  Password: eemuphenaF6_x000A_  ForceChangePasswordNextLogin: True_x000A_  EnforceChangePasswordPolicy: True_x000A_}_x000A_</ToString>
        <Props>
          <S N="Password">eemuphenaF6</S>
          <B N="ForceChangePasswordNextLogin">true</B>
          <B N="EnforceChangePasswordPolicy">true</B>
        </Props>
      </Obj>
      <S N="StreetAddress">Sint Nicolaasplantsoen 78</S>
      <S N="Country">NL</S>
      <S N="DisplayName">Konstantinos Roeleveld</S>
    </MS>
  </Obj>
  <Obj RefId="120">
    <TNRef RefId="0" />
    <MS>
      <S N="MailNickName">serthe87</S>
      <S N="PostalCode">4007 VX</S>
      <S N="Surname">Janse</S>
      <S N="City">Tiel</S>
      <B N="AccountEnabled">true</B>
      <S N="UserPrincipalName">serthe87@irwinstrachangmail.onmicrosoft.com</S>
      <S N="GivenName">Maatje</S>
      <Obj N="PasswordProfile" RefId="121">
        <TNRef RefId="1" />
        <ToString>class PasswordProfile {_x000A_  Password: ieLai0aecai_x000A_  ForceChangePasswordNextLogin: True_x000A_  EnforceChangePasswordPolicy: True_x000A_}_x000A_</ToString>
        <Props>
          <S N="Password">ieLai0aecai</S>
          <B N="ForceChangePasswordNextLogin">true</B>
          <B N="EnforceChangePasswordPolicy">true</B>
        </Props>
      </Obj>
      <S N="StreetAddress">Pinksterbloem 19</S>
      <S N="Country">NL</S>
      <S N="DisplayName">Maatje Janse</S>
    </MS>
  </Obj>
  <Obj RefId="122">
    <TNRef RefId="0" />
    <MS>
      <S N="MailNickName">hinume</S>
      <S N="PostalCode">1251 PE</S>
      <S N="Surname">Pardijs</S>
      <S N="City">Laren</S>
      <B N="AccountEnabled">true</B>
      <S N="UserPrincipalName">hinume@irwinstrachangmail.onmicrosoft.com</S>
      <S N="GivenName">Aicha</S>
      <Obj N="PasswordProfile" RefId="123">
        <TNRef RefId="1" />
        <ToString>class PasswordProfile {_x000A_  Password: Hiej7oMaiP_x000A_  ForceChangePasswordNextLogin: True_x000A_  EnforceChangePasswordPolicy: True_x000A_}_x000A_</ToString>
        <Props>
          <S N="Password">Hiej7oMaiP</S>
          <B N="ForceChangePasswordNextLogin">true</B>
          <B N="EnforceChangePasswordPolicy">true</B>
        </Props>
      </Obj>
      <S N="StreetAddress">Beyemansweg 94</S>
      <S N="Country">NL</S>
      <S N="DisplayName">Aicha Pardijs</S>
    </MS>
  </Obj>
  <Obj RefId="124">
    <TNRef RefId="0" />
    <MS>
      <S N="MailNickName">sman1965</S>
      <S N="PostalCode">5056 XT</S>
      <S N="Surname">Botman</S>
      <S N="City">Berkel-Enschot</S>
      <B N="AccountEnabled">true</B>
      <S N="UserPrincipalName">sman1965@irwinstrachangmail.onmicrosoft.com</S>
      <S N="GivenName">Pedro</S>
      <Obj N="PasswordProfile" RefId="125">
        <TNRef RefId="1" />
        <ToString>class PasswordProfile {_x000A_  Password: wuawie6Ohliel_x000A_  ForceChangePasswordNextLogin: True_x000A_  EnforceChangePasswordPolicy: True_x000A_}_x000A_</ToString>
        <Props>
          <S N="Password">wuawie6Ohliel</S>
          <B N="ForceChangePasswordNextLogin">true</B>
          <B N="EnforceChangePasswordPolicy">true</B>
        </Props>
      </Obj>
      <S N="StreetAddress">Vlierlaan 87</S>
      <S N="Country">NL</S>
      <S N="DisplayName">Pedro Botman</S>
    </MS>
  </Obj>
  <Obj RefId="126">
    <TNRef RefId="0" />
    <MS>
      <S N="MailNickName">towery74</S>
      <S N="PostalCode">2521 ST</S>
      <S N="Surname">Diepenbroek</S>
      <S N="City">Den Haag</S>
      <B N="AccountEnabled">true</B>
      <S N="UserPrincipalName">towery74@irwinstrachangmail.onmicrosoft.com</S>
      <S N="GivenName">Leon</S>
      <Obj N="PasswordProfile" RefId="127">
        <TNRef RefId="1" />
        <ToString>class PasswordProfile {_x000A_  Password: eiJoh9ah_x000A_  ForceChangePasswordNextLogin: True_x000A_  EnforceChangePasswordPolicy: True_x000A_}_x000A_</ToString>
        <Props>
          <S N="Password">eiJoh9ah</S>
          <B N="ForceChangePasswordNextLogin">true</B>
          <B N="EnforceChangePasswordPolicy">true</B>
        </Props>
      </Obj>
      <S N="StreetAddress">Molenslootstraat 199</S>
      <S N="Country">NL</S>
      <S N="DisplayName">Leon Diepenbroek</S>
    </MS>
  </Obj>
  <Obj RefId="128">
    <TNRef RefId="0" />
    <MS>
      <S N="MailNickName">musbad</S>
      <S N="PostalCode">3511 BH</S>
      <S N="Surname">van Rij</S>
      <S N="City">Utrecht</S>
      <B N="AccountEnabled">true</B>
      <S N="UserPrincipalName">musbad@irwinstrachangmail.onmicrosoft.com</S>
      <S N="GivenName">Ho</S>
      <Obj N="PasswordProfile" RefId="129">
        <TNRef RefId="1" />
        <ToString>class PasswordProfile {_x000A_  Password: Teicho6aj_x000A_  ForceChangePasswordNextLogin: True_x000A_  EnforceChangePasswordPolicy: True_x000A_}_x000A_</ToString>
        <Props>
          <S N="Password">Teicho6aj</S>
          <B N="ForceChangePasswordNextLogin">true</B>
          <B N="EnforceChangePasswordPolicy">true</B>
        </Props>
      </Obj>
      <S N="StreetAddress">Drieharingstraat 33</S>
      <S N="Country">NL</S>
      <S N="DisplayName">Ho van Rij</S>
    </MS>
  </Obj>
  <Obj RefId="130">
    <TNRef RefId="0" />
    <MS>
      <S N="MailNickName">sithe1963</S>
      <S N="PostalCode">6413 VE</S>
      <S N="Surname">Manschot</S>
      <S N="City">Heerlen</S>
      <B N="AccountEnabled">true</B>
      <S N="UserPrincipalName">sithe1963@irwinstrachangmail.onmicrosoft.com</S>
      <S N="GivenName">Suzanne</S>
      <Obj N="PasswordProfile" RefId="131">
        <TNRef RefId="1" />
        <ToString>class PasswordProfile {_x000A_  Password: Xaigei6w_x000A_  ForceChangePasswordNextLogin: True_x000A_  EnforceChangePasswordPolicy: True_x000A_}_x000A_</ToString>
        <Props>
          <S N="Password">Xaigei6w</S>
          <B N="ForceChangePasswordNextLogin">true</B>
          <B N="EnforceChangePasswordPolicy">true</B>
        </Props>
      </Obj>
      <S N="StreetAddress">Van der Scheurstraat 156</S>
      <S N="Country">NL</S>
      <S N="DisplayName">Suzanne Manschot</S>
    </MS>
  </Obj>
  <Obj RefId="132">
    <TNRef RefId="0" />
    <MS>
      <S N="MailNickName">respeat</S>
      <S N="PostalCode">7035 CX</S>
      <S N="Surname">van Zwet</S>
      <S N="City">Kilder</S>
      <B N="AccountEnabled">true</B>
      <S N="UserPrincipalName">respeat@irwinstrachangmail.onmicrosoft.com</S>
      <S N="GivenName">Hendrika</S>
      <Obj N="PasswordProfile" RefId="133">
        <TNRef RefId="1" />
        <ToString>class PasswordProfile {_x000A_  Password: GeeSh7ec7_x000A_  ForceChangePasswordNextLogin: True_x000A_  EnforceChangePasswordPolicy: True_x000A_}_x000A_</ToString>
        <Props>
          <S N="Password">GeeSh7ec7</S>
          <B N="ForceChangePasswordNextLogin">true</B>
          <B N="EnforceChangePasswordPolicy">true</B>
        </Props>
      </Obj>
      <S N="StreetAddress">Julianaboom 60</S>
      <S N="Country">NL</S>
      <S N="DisplayName">Hendrika van Zwet</S>
    </MS>
  </Obj>
  <Obj RefId="134">
    <TNRef RefId="0" />
    <MS>
      <S N="MailNickName">whicess</S>
      <S N="PostalCode">5101 XT</S>
      <S N="Surname">van den Boogaart</S>
      <S N="City">Dongen</S>
      <B N="AccountEnabled">true</B>
      <S N="UserPrincipalName">whicess@irwinstrachangmail.onmicrosoft.com</S>
      <S N="GivenName">Lucca</S>
      <Obj N="PasswordProfile" RefId="135">
        <TNRef RefId="1" />
        <ToString>class PasswordProfile {_x000A_  Password: Muuko7oo7_x000A_  ForceChangePasswordNextLogin: True_x000A_  EnforceChangePasswordPolicy: True_x000A_}_x000A_</ToString>
        <Props>
          <S N="Password">Muuko7oo7</S>
          <B N="ForceChangePasswordNextLogin">true</B>
          <B N="EnforceChangePasswordPolicy">true</B>
        </Props>
      </Obj>
      <S N="StreetAddress">Glorieux 93</S>
      <S N="Country">NL</S>
      <S N="DisplayName">Lucca van den Boogaart</S>
    </MS>
  </Obj>
  <Obj RefId="136">
    <TNRef RefId="0" />
    <MS>
      <S N="MailNickName">lostremew</S>
      <S N="PostalCode">3572 BA</S>
      <S N="Surname">Aspers</S>
      <S N="City">Utrecht</S>
      <B N="AccountEnabled">true</B>
      <S N="UserPrincipalName">lostremew@irwinstrachangmail.onmicrosoft.com</S>
      <S N="GivenName">Gabriëla</S>
      <Obj N="PasswordProfile" RefId="137">
        <TNRef RefId="1" />
        <ToString>class PasswordProfile {_x000A_  Password: fei2XiexaiY_x000A_  ForceChangePasswordNextLogin: True_x000A_  EnforceChangePasswordPolicy: True_x000A_}_x000A_</ToString>
        <Props>
          <S N="Password">fei2XiexaiY</S>
          <B N="ForceChangePasswordNextLogin">true</B>
          <B N="EnforceChangePasswordPolicy">true</B>
        </Props>
      </Obj>
      <S N="StreetAddress">Biltstraat 150</S>
      <S N="Country">NL</S>
      <S N="DisplayName">Gabriëla Aspers</S>
    </MS>
  </Obj>
  <Obj RefId="138">
    <TNRef RefId="0" />
    <MS>
      <S N="MailNickName">lasurged</S>
      <S N="PostalCode">3281 TG</S>
      <S N="Surname">Klinkers</S>
      <S N="City">Numansdorp</S>
      <B N="AccountEnabled">true</B>
      <S N="UserPrincipalName">lasurged@irwinstrachangmail.onmicrosoft.com</S>
      <S N="GivenName">Paulina</S>
      <Obj N="PasswordProfile" RefId="139">
        <TNRef RefId="1" />
        <ToString>class PasswordProfile {_x000A_  Password: EeR5aothaeph_x000A_  ForceChangePasswordNextLogin: True_x000A_  EnforceChangePasswordPolicy: True_x000A_}_x000A_</ToString>
        <Props>
          <S N="Password">EeR5aothaeph</S>
          <B N="ForceChangePasswordNextLogin">true</B>
          <B N="EnforceChangePasswordPolicy">true</B>
        </Props>
      </Obj>
      <S N="StreetAddress">Schubertstraat 126</S>
      <S N="Country">NL</S>
      <S N="DisplayName">Paulina Klinkers</S>
    </MS>
  </Obj>
  <Obj RefId="140">
    <TNRef RefId="0" />
    <MS>
      <S N="MailNickName">steris</S>
      <S N="PostalCode">5654 AR</S>
      <S N="Surname">Vaes</S>
      <S N="City">Eindhoven</S>
      <B N="AccountEnabled">true</B>
      <S N="UserPrincipalName">steris@irwinstrachangmail.onmicrosoft.com</S>
      <S N="GivenName">Francien</S>
      <Obj N="PasswordProfile" RefId="141">
        <TNRef RefId="1" />
        <ToString>class PasswordProfile {_x000A_  Password: aes8Lipo_x000A_  ForceChangePasswordNextLogin: True_x000A_  EnforceChangePasswordPolicy: True_x000A_}_x000A_</ToString>
        <Props>
          <S N="Password">aes8Lipo</S>
          <B N="ForceChangePasswordNextLogin">true</B>
          <B N="EnforceChangePasswordPolicy">true</B>
        </Props>
      </Obj>
      <S N="StreetAddress">Rapelenburglaan 74</S>
      <S N="Country">NL</S>
      <S N="DisplayName">Francien Vaes</S>
    </MS>
  </Obj>
  <Obj RefId="142">
    <TNRef RefId="0" />
    <MS>
      <S N="MailNickName">cithys</S>
      <S N="PostalCode">7451 EB</S>
      <S N="Surname">van Tiggelen</S>
      <S N="City">Holten</S>
      <B N="AccountEnabled">true</B>
      <S N="UserPrincipalName">cithys@irwinstrachangmail.onmicrosoft.com</S>
      <S N="GivenName">Shakira</S>
      <Obj N="PasswordProfile" RefId="143">
        <TNRef RefId="1" />
        <ToString>class PasswordProfile {_x000A_  Password: eish5Aixaih_x000A_  ForceChangePasswordNextLogin: True_x000A_  EnforceChangePasswordPolicy: True_x000A_}_x000A_</ToString>
        <Props>
          <S N="Password">eish5Aixaih</S>
          <B N="ForceChangePasswordNextLogin">true</B>
          <B N="EnforceChangePasswordPolicy">true</B>
        </Props>
      </Obj>
      <S N="StreetAddress">Ab Jansenstraat 144</S>
      <S N="Country">NL</S>
      <S N="DisplayName">Shakira van Tiggelen</S>
    </MS>
  </Obj>
  <Obj RefId="144">
    <TNRef RefId="0" />
    <MS>
      <S N="MailNickName">mandivether</S>
      <S N="PostalCode">7433 CG</S>
      <S N="Surname">Manten</S>
      <S N="City">Schalkhaar</S>
      <B N="AccountEnabled">true</B>
      <S N="UserPrincipalName">mandivether@irwinstrachangmail.onmicrosoft.com</S>
      <S N="GivenName">Destiny</S>
      <Obj N="PasswordProfile" RefId="145">
        <TNRef RefId="1" />
        <ToString>class PasswordProfile {_x000A_  Password: Ohr2aeNa_x000A_  ForceChangePasswordNextLogin: True_x000A_  EnforceChangePasswordPolicy: True_x000A_}_x000A_</ToString>
        <Props>
          <S N="Password">Ohr2aeNa</S>
          <B N="ForceChangePasswordNextLogin">true</B>
          <B N="EnforceChangePasswordPolicy">true</B>
        </Props>
      </Obj>
      <S N="StreetAddress">Koningin Wilhelminalaan 197</S>
      <S N="Country">NL</S>
      <S N="DisplayName">Destiny Manten</S>
    </MS>
  </Obj>
  <Obj RefId="146">
    <TNRef RefId="0" />
    <MS>
      <S N="MailNickName">spriphre</S>
      <S N="PostalCode">4901 LM</S>
      <S N="Surname">Bhaggoe</S>
      <S N="City">Oosterhout</S>
      <B N="AccountEnabled">true</B>
      <S N="UserPrincipalName">spriphre@irwinstrachangmail.onmicrosoft.com</S>
      <S N="GivenName">Shanice</S>
      <Obj N="PasswordProfile" RefId="147">
        <TNRef RefId="1" />
        <ToString>class PasswordProfile {_x000A_  Password: Ojeb4eGhee_x000A_  ForceChangePasswordNextLogin: True_x000A_  EnforceChangePasswordPolicy: True_x000A_}_x000A_</ToString>
        <Props>
          <S N="Password">Ojeb4eGhee</S>
          <B N="ForceChangePasswordNextLogin">true</B>
          <B N="EnforceChangePasswordPolicy">true</B>
        </Props>
      </Obj>
      <S N="StreetAddress">Rulstraat 77</S>
      <S N="Country">NL</S>
      <S N="DisplayName">Shanice Bhaggoe</S>
    </MS>
  </Obj>
  <Obj RefId="148">
    <TNRef RefId="0" />
    <MS>
      <S N="MailNickName">narvir</S>
      <S N="PostalCode">1181 JC</S>
      <S N="Surname">Winter</S>
      <S N="City">Amstelveen</S>
      <B N="AccountEnabled">true</B>
      <S N="UserPrincipalName">narvir@irwinstrachangmail.onmicrosoft.com</S>
      <S N="GivenName">Khadija</S>
      <Obj N="PasswordProfile" RefId="149">
        <TNRef RefId="1" />
        <ToString>class PasswordProfile {_x000A_  Password: UoheiM1Jiw_x000A_  ForceChangePasswordNextLogin: True_x000A_  EnforceChangePasswordPolicy: True_x000A_}_x000A_</ToString>
        <Props>
          <S N="Password">UoheiM1Jiw</S>
          <B N="ForceChangePasswordNextLogin">true</B>
          <B N="EnforceChangePasswordPolicy">true</B>
        </Props>
      </Obj>
      <S N="StreetAddress">Biesbosch 33</S>
      <S N="Country">NL</S>
      <S N="DisplayName">Khadija Winter</S>
    </MS>
  </Obj>
  <Obj RefId="150">
    <TNRef RefId="0" />
    <MS>
      <S N="MailNickName">himmors</S>
      <S N="PostalCode">1323 AA</S>
      <S N="Surname">van de Laarschot</S>
      <S N="City">Almere</S>
      <B N="AccountEnabled">true</B>
      <S N="UserPrincipalName">himmors@irwinstrachangmail.onmicrosoft.com</S>
      <S N="GivenName">Akshay</S>
      <Obj N="PasswordProfile" RefId="151">
        <TNRef RefId="1" />
        <ToString>class PasswordProfile {_x000A_  Password: Thoh3epha_x000A_  ForceChangePasswordNextLogin: True_x000A_  EnforceChangePasswordPolicy: True_x000A_}_x000A_</ToString>
        <Props>
          <S N="Password">Thoh3epha</S>
          <B N="ForceChangePasswordNextLogin">true</B>
          <B N="EnforceChangePasswordPolicy">true</B>
        </Props>
      </Obj>
      <S N="StreetAddress">Rameaugracht 111</S>
      <S N="Country">NL</S>
      <S N="DisplayName">Akshay van de Laarschot</S>
    </MS>
  </Obj>
  <Obj RefId="152">
    <TNRef RefId="0" />
    <MS>
      <S N="MailNickName">weented</S>
      <S N="PostalCode">1511 DB</S>
      <S N="Surname">van Diejen</S>
      <S N="City">Oostzaan</S>
      <B N="AccountEnabled">true</B>
      <S N="UserPrincipalName">weented@irwinstrachangmail.onmicrosoft.com</S>
      <S N="GivenName">Marcin</S>
      <Obj N="PasswordProfile" RefId="153">
        <TNRef RefId="1" />
        <ToString>class PasswordProfile {_x000A_  Password: si4aek7Ae_x000A_  ForceChangePasswordNextLogin: True_x000A_  EnforceChangePasswordPolicy: True_x000A_}_x000A_</ToString>
        <Props>
          <S N="Password">si4aek7Ae</S>
          <B N="ForceChangePasswordNextLogin">true</B>
          <B N="EnforceChangePasswordPolicy">true</B>
        </Props>
      </Obj>
      <S N="StreetAddress">Kerkbuurt 177</S>
      <S N="Country">NL</S>
      <S N="DisplayName">Marcin van Diejen</S>
    </MS>
  </Obj>
  <Obj RefId="154">
    <TNRef RefId="0" />
    <MS>
      <S N="MailNickName">togirtanot</S>
      <S N="PostalCode">3037 CE</S>
      <S N="Surname">Westphal</S>
      <S N="City">Rotterdam</S>
      <B N="AccountEnabled">true</B>
      <S N="UserPrincipalName">togirtanot@irwinstrachangmail.onmicrosoft.com</S>
      <S N="GivenName">Stijntje</S>
      <Obj N="PasswordProfile" RefId="155">
        <TNRef RefId="1" />
        <ToString>class PasswordProfile {_x000A_  Password: oV3Eemahgh_x000A_  ForceChangePasswordNextLogin: True_x000A_  EnforceChangePasswordPolicy: True_x000A_}_x000A_</ToString>
        <Props>
          <S N="Password">oV3Eemahgh</S>
          <B N="ForceChangePasswordNextLogin">true</B>
          <B N="EnforceChangePasswordPolicy">true</B>
        </Props>
      </Obj>
      <S N="StreetAddress">Bergselaan 186</S>
      <S N="Country">NL</S>
      <S N="DisplayName">Stijntje Westphal</S>
    </MS>
  </Obj>
  <Obj RefId="156">
    <TNRef RefId="0" />
    <MS>
      <S N="MailNickName">pribue</S>
      <S N="PostalCode">5271 TX</S>
      <S N="Surname">Rodenhuis</S>
      <S N="City">Sint-Michielsgestel</S>
      <B N="AccountEnabled">true</B>
      <S N="UserPrincipalName">pribue@irwinstrachangmail.onmicrosoft.com</S>
      <S N="GivenName">Omayra</S>
      <Obj N="PasswordProfile" RefId="157">
        <TNRef RefId="1" />
        <ToString>class PasswordProfile {_x000A_  Password: ahGo0thei_x000A_  ForceChangePasswordNextLogin: True_x000A_  EnforceChangePasswordPolicy: True_x000A_}_x000A_</ToString>
        <Props>
          <S N="Password">ahGo0thei</S>
          <B N="ForceChangePasswordNextLogin">true</B>
          <B N="EnforceChangePasswordPolicy">true</B>
        </Props>
      </Obj>
      <S N="StreetAddress">Hemelrijkstraat 74</S>
      <S N="Country">NL</S>
      <S N="DisplayName">Omayra Rodenhuis</S>
    </MS>
  </Obj>
  <Obj RefId="158">
    <TNRef RefId="0" />
    <MS>
      <S N="MailNickName">boreak</S>
      <S N="PostalCode">1619 DG</S>
      <S N="Surname">Sikkema</S>
      <S N="City">Andijk</S>
      <B N="AccountEnabled">true</B>
      <S N="UserPrincipalName">boreak@irwinstrachangmail.onmicrosoft.com</S>
      <S N="GivenName">Bram</S>
      <Obj N="PasswordProfile" RefId="159">
        <TNRef RefId="1" />
        <ToString>class PasswordProfile {_x000A_  Password: doo5az0Wio_x000A_  ForceChangePasswordNextLogin: True_x000A_  EnforceChangePasswordPolicy: True_x000A_}_x000A_</ToString>
        <Props>
          <S N="Password">doo5az0Wio</S>
          <B N="ForceChangePasswordNextLogin">true</B>
          <B N="EnforceChangePasswordPolicy">true</B>
        </Props>
      </Obj>
      <S N="StreetAddress">Hofkesland 130</S>
      <S N="Country">NL</S>
      <S N="DisplayName">Bram Sikkema</S>
    </MS>
  </Obj>
  <Obj RefId="160">
    <TNRef RefId="0" />
    <MS>
      <S N="MailNickName">ungthe</S>
      <S N="PostalCode">8012 VZ</S>
      <S N="Surname">Boonzaaijer</S>
      <S N="City">Zwolle</S>
      <B N="AccountEnabled">true</B>
      <S N="UserPrincipalName">ungthe@irwinstrachangmail.onmicrosoft.com</S>
      <S N="GivenName">Halima</S>
      <Obj N="PasswordProfile" RefId="161">
        <TNRef RefId="1" />
        <ToString>class PasswordProfile {_x000A_  Password: Iengoa9UaM_x000A_  ForceChangePasswordNextLogin: True_x000A_  EnforceChangePasswordPolicy: True_x000A_}_x000A_</ToString>
        <Props>
          <S N="Password">Iengoa9UaM</S>
          <B N="ForceChangePasswordNextLogin">true</B>
          <B N="EnforceChangePasswordPolicy">true</B>
        </Props>
      </Obj>
      <S N="StreetAddress">Eendrachtstraat 24</S>
      <S N="Country">NL</S>
      <S N="DisplayName">Halima Boonzaaijer</S>
    </MS>
  </Obj>
  <Obj RefId="162">
    <TNRef RefId="0" />
    <MS>
      <S N="MailNickName">youghtisto</S>
      <S N="PostalCode">6374 HR</S>
      <S N="Surname">Hellemons</S>
      <S N="City">Landgraaf</S>
      <B N="AccountEnabled">true</B>
      <S N="UserPrincipalName">youghtisto@irwinstrachangmail.onmicrosoft.com</S>
      <S N="GivenName">Logan</S>
      <Obj N="PasswordProfile" RefId="163">
        <TNRef RefId="1" />
        <ToString>class PasswordProfile {_x000A_  Password: diuThu8B_x000A_  ForceChangePasswordNextLogin: True_x000A_  EnforceChangePasswordPolicy: True_x000A_}_x000A_</ToString>
        <Props>
          <S N="Password">diuThu8B</S>
          <B N="ForceChangePasswordNextLogin">true</B>
          <B N="EnforceChangePasswordPolicy">true</B>
        </Props>
      </Obj>
      <S N="StreetAddress">Pastoor Scheepersstraat 143</S>
      <S N="Country">NL</S>
      <S N="DisplayName">Logan Hellemons</S>
    </MS>
  </Obj>
  <Obj RefId="164">
    <TNRef RefId="0" />
    <MS>
      <S N="MailNickName">wousell82</S>
      <S N="PostalCode">9204 AP</S>
      <S N="Surname">Scheltinga</S>
      <S N="City">Drachten</S>
      <B N="AccountEnabled">true</B>
      <S N="UserPrincipalName">wousell82@irwinstrachangmail.onmicrosoft.com</S>
      <S N="GivenName">Elcke</S>
      <Obj N="PasswordProfile" RefId="165">
        <TNRef RefId="1" />
        <ToString>class PasswordProfile {_x000A_  Password: Do9wie0fie_x000A_  ForceChangePasswordNextLogin: True_x000A_  EnforceChangePasswordPolicy: True_x000A_}_x000A_</ToString>
        <Props>
          <S N="Password">Do9wie0fie</S>
          <B N="ForceChangePasswordNextLogin">true</B>
          <B N="EnforceChangePasswordPolicy">true</B>
        </Props>
      </Obj>
      <S N="StreetAddress">Tjonger 106</S>
      <S N="Country">NL</S>
      <S N="DisplayName">Elcke Scheltinga</S>
    </MS>
  </Obj>
  <Obj RefId="166">
    <TNRef RefId="0" />
    <MS>
      <S N="MailNickName">deeks1976</S>
      <S N="PostalCode">8043 BS</S>
      <S N="Surname">Oosterveer</S>
      <S N="City">Zwolle</S>
      <B N="AccountEnabled">true</B>
      <S N="UserPrincipalName">deeks1976@irwinstrachangmail.onmicrosoft.com</S>
      <S N="GivenName">Stijn</S>
      <Obj N="PasswordProfile" RefId="167">
        <TNRef RefId="1" />
        <ToString>class PasswordProfile {_x000A_  Password: vox7Ga9af0Ei_x000A_  ForceChangePasswordNextLogin: True_x000A_  EnforceChangePasswordPolicy: True_x000A_}_x000A_</ToString>
        <Props>
          <S N="Password">vox7Ga9af0Ei</S>
          <B N="ForceChangePasswordNextLogin">true</B>
          <B N="EnforceChangePasswordPolicy">true</B>
        </Props>
      </Obj>
      <S N="StreetAddress">Klokkengieterlaan 86</S>
      <S N="Country">NL</S>
      <S N="DisplayName">Stijn Oosterveer</S>
    </MS>
  </Obj>
</Objs>