Site,Group,PermissionLevels
https://zaactdev.sharepoint.com/sites/Community01,Contoso Project Leads,Full Control
https://zaactdev.sharepoint.com/sites/Community01,Contoso Auditors,View Only
https://zaactdev.sharepoint.com/sites/Community01,Contoso Designers,Design
https://zaactdev.sharepoint.com/sites/TeamSite01,XT1000 Team Leads,Full Control
https://zaactdev.sharepoint.com/sites/TeamSite01,XT1000 Advisors,Edit
https://zaactdev.sharepoint.com/sites/Blog01,Contoso Blog Designers,Design
https://zaactdev.sharepoint.com/sites/Blog01,Contoso Blog Editors,Edit
https://zaactdev.sharepoint.com/sites/Project01,Project Alpha Approvers,Full Control
