Group,LoginName,Site
Contoso Project Leads,testuser1@zaactdev.com,https://zaactdev.sharepoint.com/sites/community01
Contoso Auditors,testuser2@zaactdev.com,https://zaactdev.sharepoint.com/sites/community01
Contoso Designers,testuser3@zaactdev.com,https://zaactdev.sharepoint.com/sites/community01
XT1000 Team Leads,testuser4@zaactdev.com,https://zaactdev.sharepoint.com/sites/TeamSite01
XT1000 Advisors,testuser1@zaactdev.com,https://zaactdev.sharepoint.com/sites/TeamSite01
Contoso Blog Designers,testuser2@zaactdev.com,https://zaactdev.sharepoint.com/sites/Blog01
Contoso Blog Editors,testuser3@zaactdev.com,https://zaactdev.sharepoint.com/sites/Blog01
Project Alpha Approvers,testuser4@zaactdev.com,https://zaactdev.sharepoint.com/sites/Project01
